{
  "Warszawa": [
    21.016317,
    52.23072
  ],
  "Łódź": [
    19.457159,
    51.76555
  ],
  "Kraków": [
    19.937975,
    50.062325
  ],
  "Wrocław": [
    17.03056,
    51.11029
  ],
  "Poznań": [
    16.93123,
    52.407333
  ],
  "Gdańsk": [
    18.650743,
    54.350178
  ],
  "Bydgoszcz": [
    18.000923,
    53.121468
  ],
  "Lublin": [
    22.564535,
    51.24758
  ],
  "Białystok": [
    23.157434,
    53.132706
  ],
  "Katowice": [
    19.023157,
    50.25847
  ],
  "Gorzów Wielkopolski": [
    15.23984,
    52.730186
  ],
  "Toruń": [
    18.605139,
    53.010254
  ],
  "Zielona Góra": [
    15.50632,
    51.939774
  ],
  "Opole": [
    17.92311,
    50.668316
  ],
  "Rzeszów": [
    22.002779,
    50.037533
  ],
  "Olsztyn": [
    20.477505,
    53.777542
  ],
  "Szczecin": [
    14.544545,
    53.430527
  ],
  "Kielce": [
    20.632208,
    50.87181
  ],
  "Częstochowa": [
    19.11824,
    50.81194
  ],
  "Radom": [
    21.153679,
    51.401176
  ],
  "Płock": [
    19.706292,
    52.546317
  ],
  "Rybnik": [
    18.54245,
    50.09591
  ],
  "Koszalin": [
    16.178602,
    54.18986
  ],
  "Legnica": [
    16.159613,
    51.208145
  ],
  "Kalisz": [
    18.088726,
    51.761482
  ],
  "Leszno": [
    16.573608,
    51.84305
  ],
  "Tarnów": [
    20.988022,
    50.01216
  ],
  "Przemyśl": [
    22.770403,
    49.780964
  ],
  "Ostrołęka": [
    21.572664,
    53.083122
  ],
  "Słupsk": [
    17.027206,
    54.46692
  ],
  "Piotrków Trybunalski": [
    19.690405,
    51.407578
  ],
  "Inowrocław": [
    18.258167,
    52.79653
  ],
  "Ostrów Wielkopolski": [
    17.81545,
    51.648685
  ],
  "Zamość": [
    23.252596,
    50.717064
  ],
  "Puławy": [
    21.964289,
    51.417873
  ],
  "Jelenia Góra": [
    15.734867,
    50.902622
  ],
  "Nowy Sącz": [
    20.692259,
    49.62339
  ],
  "Suwałki": [
    22.93197,
    54.101383
  ],
  "Gniezno": [
    17.595867,
    52.53662
  ],
  "Wałbrzych": [
    16.281454,
    50.76748
  ],
  "Świnoujście": [
    14.2511,
    53.9097
  ],
  "Zakopane": [
    19.949079,
    49.299023
  ],
  "Malbork": [
    19.03206,
    54.0355
  ],
  "Kołobrzeg": [
    15.575701,
    54.17602
  ],
  "Grudziądz": [
    18.755667,
    53.487907
  ],
  "Łomża": [
    22.059,
    53.1781
  ]
}